<?xml version="1.0" encoding="UTF-8"?><rss version="2.0"
	xmlns:content="http://purl.org/rss/1.0/modules/content/"
	xmlns:wfw="http://wellformedweb.org/CommentAPI/"
	xmlns:dc="http://purl.org/dc/elements/1.1/"
	xmlns:atom="http://www.w3.org/2005/Atom"
	xmlns:sy="http://purl.org/rss/1.0/modules/syndication/"
	xmlns:slash="http://purl.org/rss/1.0/modules/slash/"
	>

<channel>
	<title>Accessori &#8211; LuxeTresor</title>
	<atom:link href="http://localhost/esercizio-20-03/categoria-prodotto/accessori/feed/?simply_static_page=1275" rel="self" type="application/rss+xml" />
	<link></link>
	<description></description>
	<lastBuildDate>Tue, 21 Mar 2023 15:47:52 +0000</lastBuildDate>
	<language>it-IT</language>
	<sy:updatePeriod>
	hourly	</sy:updatePeriod>
	<sy:updateFrequency>
	1	</sy:updateFrequency>
	<generator>https://wordpress.org/?v=6.1.1</generator>

<image>
	<url>/wp-content/uploads/2023/03/cropped-Logotipo_Moda_Femenina_Negro_y_Beige__2_-removebg-preview-50x50.png</url>
	<title>Accessori &#8211; LuxeTresor</title>
	<link></link>
	<width>32</width>
	<height>32</height>
</image> 
	<item>
		<title>Orecchini Tiffany &#038; Co. Primavera &#8211; Estate 2023</title>
		<link>/prodotto/orecchini-tiffany-co-primavera-estate-2023/</link>
					<comments>/prodotto/orecchini-tiffany-co-primavera-estate-2023/#respond</comments>
		
		<dc:creator><![CDATA[Francesco]]></dc:creator>
		<pubDate>Tue, 21 Mar 2023 15:47:21 +0000</pubDate>
				<guid isPermaLink="false">/?post_type=product#038;p=134</guid>

					<description><![CDATA[]]></description>
										<content:encoded><![CDATA[]]></content:encoded>
					
					<wfw:commentRss>/prodotto/orecchini-tiffany-co-primavera-estate-2023/feed/</wfw:commentRss>
			<slash:comments>0</slash:comments>
		
		
			</item>
		<item>
		<title>Bracciale Tiffany &#038; Co. Primavera &#8211; Estate 2023</title>
		<link>/prodotto/bracciale-tiffany-co-primavera-estate-2023/</link>
					<comments>/prodotto/bracciale-tiffany-co-primavera-estate-2023/#respond</comments>
		
		<dc:creator><![CDATA[Francesco]]></dc:creator>
		<pubDate>Tue, 21 Mar 2023 15:46:25 +0000</pubDate>
				<guid isPermaLink="false">/?post_type=product#038;p=133</guid>

					<description><![CDATA[]]></description>
										<content:encoded><![CDATA[]]></content:encoded>
					
					<wfw:commentRss>/prodotto/bracciale-tiffany-co-primavera-estate-2023/feed/</wfw:commentRss>
			<slash:comments>0</slash:comments>
		
		
			</item>
		<item>
		<title>Anello Chanel Primavera &#8211; Estate</title>
		<link>/prodotto/zaino-burton-nero/</link>
					<comments>/prodotto/zaino-burton-nero/#respond</comments>
		
		<dc:creator><![CDATA[Francesco]]></dc:creator>
		<pubDate>Mon, 20 Mar 2023 15:21:52 +0000</pubDate>
				<guid isPermaLink="false">/?post_type=product#038;p=63</guid>

					<description><![CDATA[]]></description>
										<content:encoded><![CDATA[]]></content:encoded>
					
					<wfw:commentRss>/prodotto/zaino-burton-nero/feed/</wfw:commentRss>
			<slash:comments>0</slash:comments>
		
		
			</item>
		<item>
		<title>Anello Tiffany &#038; Co. Primavera &#8211; Estate 2023</title>
		<link>/prodotto/maglietta-volcom-nera-uomo/</link>
					<comments>/prodotto/maglietta-volcom-nera-uomo/#respond</comments>
		
		<dc:creator><![CDATA[Francesco]]></dc:creator>
		<pubDate>Mon, 20 Mar 2023 15:20:51 +0000</pubDate>
				<guid isPermaLink="false">/?post_type=product#038;p=62</guid>

					<description><![CDATA[]]></description>
										<content:encoded><![CDATA[]]></content:encoded>
					
					<wfw:commentRss>/prodotto/maglietta-volcom-nera-uomo/feed/</wfw:commentRss>
			<slash:comments>0</slash:comments>
		
		
			</item>
	</channel>
</rss>
