<?xml version="1.0" encoding="UTF-8"?><rss version="2.0"
	xmlns:content="http://purl.org/rss/1.0/modules/content/"
	xmlns:wfw="http://wellformedweb.org/CommentAPI/"
	xmlns:dc="http://purl.org/dc/elements/1.1/"
	xmlns:atom="http://www.w3.org/2005/Atom"
	xmlns:sy="http://purl.org/rss/1.0/modules/syndication/"
	xmlns:slash="http://purl.org/rss/1.0/modules/slash/"
	>

<channel>
	<title>Abbigliamento &#8211; LuxeTresor</title>
	<atom:link href="http://localhost/esercizio-20-03/categoria-prodotto/abbigliamento/feed/?simply_static_page=1271" rel="self" type="application/rss+xml" />
	<link></link>
	<description></description>
	<lastBuildDate>Tue, 21 Mar 2023 15:37:41 +0000</lastBuildDate>
	<language>it-IT</language>
	<sy:updatePeriod>
	hourly	</sy:updatePeriod>
	<sy:updateFrequency>
	1	</sy:updateFrequency>
	<generator>https://wordpress.org/?v=6.1.1</generator>

<image>
	<url>/wp-content/uploads/2023/03/cropped-Logotipo_Moda_Femenina_Negro_y_Beige__2_-removebg-preview-50x50.png</url>
	<title>Abbigliamento &#8211; LuxeTresor</title>
	<link></link>
	<width>32</width>
	<height>32</height>
</image> 
	<item>
		<title>Sneaker con plateau LV Archlight 2.0</title>
		<link>/prodotto/felpa-vans-nera-uomo/</link>
					<comments>/prodotto/felpa-vans-nera-uomo/#respond</comments>
		
		<dc:creator><![CDATA[Francesco]]></dc:creator>
		<pubDate>Mon, 20 Mar 2023 15:22:47 +0000</pubDate>
				<guid isPermaLink="false">/?post_type=product#038;p=64</guid>

					<description><![CDATA[Questa felpa nera della Vans è perfetta per uno stile casual e confortevole. Realizzata in morbido cotone, presenta il classico logo Vans sul petto, che conferisce un tocco di stile senza essere troppo appariscente. Il colore nero la rende facilmente abbinabile con qualsiasi outfit, mentre il design semplice e pulito la rende una scelta versatile per ogni occasione.]]></description>
										<content:encoded><![CDATA[Questa felpa nera della Vans è perfetta per uno stile casual e confortevole. Realizzata in morbido cotone, presenta il classico logo Vans sul petto, che conferisce un tocco di stile senza essere troppo appariscente. Il colore nero la rende facilmente abbinabile con qualsiasi outfit, mentre il design semplice e pulito la rende una scelta versatile per ogni occasione.]]></content:encoded>
					
					<wfw:commentRss>/prodotto/felpa-vans-nera-uomo/feed/</wfw:commentRss>
			<slash:comments>0</slash:comments>
		
		
			</item>
		<item>
		<title>SuedeGrip nere</title>
		<link>/prodotto/hoodie-with-logo/</link>
					<comments>/prodotto/hoodie-with-logo/#respond</comments>
		
		<dc:creator><![CDATA[Francesco]]></dc:creator>
		<pubDate>Mon, 20 Mar 2023 13:16:30 +0000</pubDate>
				<guid isPermaLink="false">/prodotto/hoodie-with-logo/</guid>

					<description><![CDATA[Scarpe eleganti da uomo in pelle scamosciata con suola in gomma aderente, fodera interna morbida e disponibili in diverse taglie e colori.]]></description>
										<content:encoded><![CDATA[<p>Realizzate con materiali di alta qualità e rifinite nei minimi dettagli, le scarpe &#8220;SuedeGrip&#8221; sono adatte per ogni occasione. La tomaia in pelle scamosciata dona un tocco di eleganza, mentre la suola in gomma garantisce una perfetta aderenza al terreno. La fodera interna morbida e traspirante garantisce il massimo comfort per tutto il giorno. Disponibili in diversi colori e taglie, queste scarpe sono un must-have per ogni guardaroba maschile.</p>
]]></content:encoded>
					
					<wfw:commentRss>/prodotto/hoodie-with-logo/feed/</wfw:commentRss>
			<slash:comments>0</slash:comments>
		
		
			</item>
	</channel>
</rss>
